-- phpMyAdmin SQL Dump
-- version 4.9.5
-- https://www.phpmyadmin.net/
--
-- Host: localhost
-- Generation Time: 01 มิ.ย. 2020 เมื่อ 09:52 AM
-- เวอร์ชันของเซิร์ฟเวอร์: 5.6.48-log
-- PHP Version: 5.6.40

SET SQL_MODE = "NO_AUTO_VALUE_ON_ZERO";
SET AUTOCOMMIT = 0;
START TRANSACTION;
SET time_zone = "+00:00";


/*!40101 SET @OLD_CHARACTER_SET_CLIENT=@@CHARACTER_SET_CLIENT */;
/*!40101 SET @OLD_CHARACTER_SET_RESULTS=@@CHARACTER_SET_RESULTS */;
/*!40101 SET @OLD_COLLATION_CONNECTION=@@COLLATION_CONNECTION */;
/*!40101 SET NAMES utf8mb4 */;

--
-- Database: `krittawa_engine`
--

-- --------------------------------------------------------

--
-- โครงสร้างตาราง `amount_change`
--

CREATE TABLE `amount_change` (
  `change_id` int(5) UNSIGNED ZEROFILL NOT NULL,
  `change_notes` varchar(100) NOT NULL,
  `change_date` date NOT NULL COMMENT 'วันที่เปลี่ยน',
  `change_amount` int(3) NOT NULL COMMENT 'จํานวนเปลี่ยน',
  `od_id` int(5) UNSIGNED ZEROFILL NOT NULL
) ENGINE=InnoDB DEFAULT CHARSET=utf8;

--
-- dump ตาราง `amount_change`
--

INSERT INTO `amount_change` (`change_id`, `change_notes`, `change_date`, `change_amount`, `od_id`) VALUES
(00001, 'สินค้าชํารุด', '2020-02-13', 1, 00004),
(00002, 'สินค้าชํารุด', '2020-02-14', 1, 00005),
(00003, 'สินค้าชํารุด', '2020-02-16', 3, 00011),
(00004, 'สินค้าชํารุด', '2020-02-16', 1, 00013),
(00008, 'สินค้าชํารุด', '2020-02-28', 2, 00030),
(00010, 'สินค้าชํารุด', '2020-03-21', 1, 00047),
(00011, 'สินค้าชํารุด', '2020-03-24', 2, 00060),
(00012, 'สินค้าชํารุด', '2020-03-24', 1, 00059),
(00013, 'สินค้าชํารุด', '2020-03-25', 1, 00054),
(00014, 'สินค้าชํารุด', '2020-04-06', 1, 00066),
(00015, 'สินค้าชํารุด', '2020-04-06', 1, 00065),
(00016, 'สินค้าชํารุด', '2020-04-14', 1, 00079),
(00017, 'สินค้าชํารุด', '2020-04-21', 1, 00085),
(00018, 'สินค้าชํารุด', '2020-04-21', 1, 00086),
(00019, 'สินค้าชํารุด', '2020-04-22', 1, 00087),
(00020, 'สินค้าชํารุด', '2020-04-23', 2, 00088),
(00021, 'สินค้าชํารุด', '2020-04-27', 2, 00094),
(00022, 'สินค้าชํารุด', '2020-05-04', 1, 00106),
(00023, 'สินค้าชํารุด', '2020-05-04', 1, 00107),
(00024, 'สินค้าชํารุด', '2020-05-10', 1, 00120),
(00025, 'สินค้าชํารุด', '2020-05-19', 1, 00122),
(00026, 'สินค้าชํารุด', '2020-05-19', 1, 00123),
(00027, 'สินค้าชํารุด', '2020-05-20', 2, 00131),
(00028, 'สินค้าชํารุด', '2020-05-20', 1, 00134),
(00029, 'สินค้าชํารุด', '2020-05-30', 1, 00136),
(00030, 'สินค้าชํารุด', '2020-05-31', 2, 00144);

-- --------------------------------------------------------

--
-- โครงสร้างตาราง `category`
--

CREATE TABLE `category` (
  `category_id` int(5) NOT NULL,
  `category_name` varchar(50) NOT NULL,
  `category_status` int(1) NOT NULL
) ENGINE=InnoDB DEFAULT CHARSET=utf8;

--
-- dump ตาราง `category`
--

INSERT INTO `category` (`category_id`, `category_name`, `category_status`) VALUES
(1, 'Mobil     ', 0),
(2, 'Castrol    ', 0),
(3, 'Shell    ', 1),
(6, 'PTT                                   ', 1);

-- --------------------------------------------------------

--
-- โครงสร้างตาราง `customers`
--

CREATE TABLE `customers` (
  `cus_id` int(5) NOT NULL,
  `cus_name` varchar(50) NOT NULL,
  `cus_birthday` date NOT NULL,
  `cus_phone` varchar(15) NOT NULL,
  `cus_address` varchar(100) NOT NULL,
  `cus_zipcode` varchar(5) NOT NULL,
  `cus_username` varchar(20) NOT NULL,
  `cus_password` varchar(20) NOT NULL,
  `cus_email` varchar(30) NOT NULL,
  `cus_status` int(1) NOT NULL
) ENGINE=InnoDB DEFAULT CHARSET=utf8;

--
-- dump ตาราง `customers`
--

INSERT INTO `customers` (`cus_id`, `cus_name`, `cus_birthday`, `cus_phone`, `cus_address`, `cus_zipcode`, `cus_username`, `cus_password`, `cus_email`, `cus_status`) VALUES
(2, 'ชลิตา เทียนชัย   ', '1998-02-05', '0869850155', '207/3 หมู่ 4 ต.ในคลองบางปรากด\r\nอ.พระสมุทร์เจดีย์\r\nจ.สมุทรปราการ', '10290', '0869850155', '0869850155', 'chalita.thia@bumail.net', 0),
(3, 'ยศกร เจริญสุข   ', '1981-03-13', '0869851544', '76/3 หมู่4', '10297', '0869851544', '0869851544', 'rov11@hotmail.com', 1),
(4, 'ธีรชัย  แย้มดี  ', '1998-07-17', '0254125462', '72/3 หมู่ 4', '20211', '2222222222', '2222222222', 'zzzz@hotmail.com', 1),
(5, 'ยศกร เจริญสุข', '1989-11-16', '0869850111', '79/3 หมู 7', '20826', '0869850111', '0869850111', 'pop@hotmail.com', 0),
(6, 'พีรพงษ์ สอนอินทร์', '1996-06-11', '0840729895', '11/868 ม.96', '30560', '0840729895', '0840729895', 'sintongsawat1@gmail.com', 0),
(7, 'ราชัน  อร่อยเลิศ  ', '1999-08-19', '0878521545', '78/3 หมู4 ', '16150', '0878521545', '0878521545', 'rachan.butd@gmail.net', 1),
(8, 'รับดอกมะลิสักแก้วมั้ย  ', '1995-03-07', '0877071887', '78/3 หมู่ 7', '20826', '0877071887', '0877071887', 'lotp@hotmail.com', 1),
(9, 'คชาภา ตันเจริญ', '1979-02-06', '0852154111', 'กรุงเทพ', '16150', 'zzzzz1', '05022541', 'gun@hotmail.com', 0),
(10, 'ณัฐมณฑน์ พรหมโครต  ', '1997-02-05', '0855456123', '788/3', '52014', 'nanako', '05022541', 'kookk11@hotmail.com', 0),
(11, 'อิทธิพล ใช้ยัง      ', '1997-10-08', '0869875411', 'aaaaaa', '42015', 'mon11', '123456789', '', 0),
(12, 'ลูกเจี้ยบ เเมวสามง้าม  ', '2003-03-05', '0631906477', '58/96', '10236', '0631906477', '0631906477', 'sintongsawat2@hotmail.com', 1),
(13, 'กฤตวัฒน์ บุญชัยวัฒนา', '0000-00-00', '0841592654', 'กรุงเทพ', '10120', 'tiees288', '12345678', 'tiees288@gmail.com', 0),
(14, 'สมคะเน อยู่ยงสินธุ์    ', '1995-12-23', '0830646663', '76/3', '16150', 'nornar23', '12345678', 'somkanae.yuyo@bumail.net', 0),
(16, 'นายจอน     ', '1997-11-30', '0888888888', 'ไทยแลนด์', '74554', 'rachan.butd', 'rachan.butd', 'rachan.butd@rachan.butd.com', 1),
(17, 'มนัสนก บัวแก้ว', '1998-02-05', '0897052899', 'ไทย', '20902', 'jakkapan11', '05022541', 'kungun22@hotmail.com', 0),
(18, 'เชียร์ ', '1996-07-05', '0940985465', '73/5 หมุู่ 4', '15066', 'asdasdasd', '12345678', 'ffsdfsdfdsf@hotmail.com', 0),
(20, 'จักรพัน ชอบท้อแท้', '1960-07-28', '0812448484', 'ท้อแท้ทุกที', '20244', 'Jakkapan', '12345678', 'jakkapadn.tort2ae@hotmail.com', 0),
(24, 'พศกร  คําศิริ', '0000-00-00', '0877071556', 'aaaaaaaaaa', '12090', 'kongun', '123456789', 'lolppp@hotmail.com', 0),
(25, 'สมหวัง บุญแย้ม ', '0000-00-00', '0877071555', 'กรุงเทพ', '12014', '05022541', '05022541', '', 0),
(28, 'มะลิน้อย กลอยใจ ', '0000-00-00', '0628499476', '37 หมู่6 สุนทรจัดสรร', '12120', 'testadduser', 'testadduser', 'cctvonsiteservice@gmail.com', 0),
(29, 'พงศ์ภาณุ  ', '1995-02-28', '0855647071', '79/23 หมู่ 1 ', '20892', '่jakkapan11', '05022541', 'Loppt@hotmail.com', 0),
(30, 'จักรพรุน สาทอง   ', '2002-06-20', '0811222345', '-', '10290', '0811222345', '0811222345', 'jakkaprun@hotmail.com', 0),
(31, 'ณฐพนธ์ โกสีย์สวัสดิ์ ', '1999-03-09', '0819870762', '180/24* ม.สินทรัพย์นคร \r\nบางเขน อนุสาวรีย์ ', '10220', 'ShadowI3lade', '12345678', 'plug0904@outlook.co.th', 0),
(32, 'สมชาย สาทอง   ', '0000-00-00', '0857485858', 'กรุงเทพ', '64674', '123456789', '123456789', '', 1),
(33, 'นายจันทร์ มาเบอร์    ', '0000-00-00', '0152655956', 'กรุงเทพ', '56565', 'นายจันทร์', 'นายจันทร์', 'hohtt22@ddd.com', 1),
(34, 'บุญส่ง สาทอง ', '0000-00-00', '0869850144', 'สมุทรปราการ', '10290', '่jum216', '123456789', '', 0),
(35, 'สมใจ มะลิแย้ม ', '1994-07-11', '0869666969', 'กรุงเทพ', '10130', 'tiees278', '12345678', 'somjai.mali@hotmail.com', 0),
(36, 'ไพโรจน์ คําศิริ         ', '0000-00-00', '0858051888', 'สมุทรปราการ', '10290', 'bbbb1', '12345678', 'gunn11@hotmail.com', 0),
(37, 'กนกวรรณ ชัยมา', '2002-02-05', '0877777777', 'กรุงเทพ', '12012', 'jakkapan2541', '05022541', '', 0),
(39, 'สมชาย ชามะลิ', '0000-00-00', '0854523654', '76/3', '10290', 'jakkapan222', '05022541', '', 0),
(45, 'สรวิศ เมฑจิ่ว', '2005-12-19', '0927419094', '99 หมู่ 8', '10290', 'chalita', '0927419094', '', 0);

-- --------------------------------------------------------

--
-- โครงสร้างตาราง `employee`
--

CREATE TABLE `employee` (
  `emp_id` int(5) NOT NULL,
  `emp_name` varchar(50) NOT NULL,
  `emp_birthday` date NOT NULL,
  `emp_phone` varchar(15) NOT NULL,
  `emp_address` varchar(100) NOT NULL,
  `emp_email` varchar(30) NOT NULL,
  `emp_level` int(1) NOT NULL,
  `emp_username` varchar(20) NOT NULL,
  `emp_password` varchar(20) NOT NULL,
  `emp_idcard` varchar(13) NOT NULL,
  `emp_status` int(1) NOT NULL
) ENGINE=InnoDB DEFAULT CHARSET=utf8;

--
-- dump ตาราง `employee`
--

INSERT INTO `employee` (`emp_id`, `emp_name`, `emp_birthday`, `emp_phone`, `emp_address`, `emp_email`, `emp_level`, `emp_username`, `emp_password`, `emp_idcard`, `emp_status`) VALUES
(1, 'จักรพันธ์ มะลิแย้ม', '2002-06-11', '0963329644', '207/3หมู่4 ต.ในคลองบางปรากด\r\nอ.พระสมุทร์เจดีย์ จ.สมุทรปราการ', 'jakkapan.mali@bumail.net', 1, 'admin', '05022541', '1110500065478', 0),
(2, 'ยศกร สอนอินทร์', '1996-07-12', '0967925485', '11/86', 'yotsakon_pza@hotmail.com', 1, '1110500011111', '1110500011111', '1110500011111', 0),
(3, 'สมชาย สาทอง', '1989-01-04', '0812222222', '87/96 หมู่ 1', 'juy@hotmail.com', 0, '1110500022222', '1110500022222', '1110500022222', 1),
(4, 'ศุกลวัฒน์ คณารศ', '1999-06-16', '0877521541', '76/3 หมู่4 ต.โพทะเล\r\nอ.ค่ายบางระจัน\r\nจ.สิงห์บุรี ', 'love@gmail.com', 0, '1110500033333', '1110500033333', '1110500033333', 0),
(11, 'จักรเจ มะลิหอม', '2007-04-20', '0877096254', 'aaaaa/aaaaa', 'nonn@hotmail.com', 0, '1110500044444', '1110500044444', '1110500044444', 1),
(12, 'สมชาย เจริญยง', '1987-09-10', '0875215666', '79/3 หมู่ 9', '', 0, '1110500055555', '1110500055555', '1110500055555', 0),
(13, 'มนัส สีเหลือง', '2000-03-25', '0891749914', '22/96', 'yotsakon_p1@hotmail.com', 0, '1110500666666', '1110500666666', '1110500666666', 0),
(14, 'นายจอน', '1997-10-29', '0801254689', 'aaaaaa', 'bnak19@hotmail.com', 0, '1110500066666', '1110500066666', '1110500066666', 0),
(18, 'สุรสัย งามดี', '1997-06-07', '0858056999', 'aaaaaaa', '', 1, '1110500088888', '1110500088888', '1110500088888', 0),
(21, 'Krittawat', '1997-10-20', '0841592654', '798/32', 'tiees288@gmail.com', 1, 'tiees288', '12345678', '1443535353535', 0);

-- --------------------------------------------------------

--
-- โครงสร้างตาราง `invoice`
--

CREATE TABLE `invoice` (
  `invoice_id` int(5) UNSIGNED ZEROFILL NOT NULL,
  `invoice_issued_date` date NOT NULL COMMENT 'วันที่ออกใบแจ้งหนี้',
  `invoice_date` date NOT NULL COMMENT 'วันที่ชําระ',
  `invoice_paymendate` date NOT NULL COMMENT 'วันกําหนดชําระ',
  `invoice_credit` int(1) NOT NULL COMMENT 'เครดิต',
  `invoice_status` int(1) NOT NULL,
  `order_id` int(5) UNSIGNED ZEROFILL NOT NULL,
  `emp_id` int(5) NOT NULL
) ENGINE=InnoDB DEFAULT CHARSET=utf8;

--
-- dump ตาราง `invoice`
--

INSERT INTO `invoice` (`invoice_id`, `invoice_issued_date`, `invoice_date`, `invoice_paymendate`, `invoice_credit`, `invoice_status`, `order_id`, `emp_id`) VALUES
(00001, '2020-02-12', '2020-02-13', '2020-02-15', 3, 0, 00004, 1),
(00002, '2020-02-13', '0000-00-00', '2020-02-18', 5, 1, 00007, 1),
(00003, '2020-02-14', '2020-02-15', '2020-02-16', 2, 0, 00010, 1),
(00004, '2020-02-15', '0000-00-00', '2020-02-22', 7, 0, 00013, 1),
(00005, '2020-02-18', '2020-02-18', '2020-02-21', 3, 0, 00018, 1),
(00006, '2020-02-19', '0000-00-00', '2020-02-24', 5, 0, 00020, 1),
(00007, '2020-03-01', '0000-00-00', '2021-03-05', 4, 0, 00026, 1),
(00008, '2020-03-20', '0000-00-00', '2020-03-23', 3, 0, 00039, 1),
(00009, '2020-03-24', '0000-00-00', '2020-03-29', 5, 0, 00046, 1),
(00010, '2020-04-09', '2020-04-10', '2020-04-10', 1, 2, 00052, 1),
(00011, '2020-04-11', '0000-00-00', '2020-04-15', 4, 0, 00055, 1),
(00012, '2020-04-23', '0000-00-00', '2020-04-28', 5, 0, 00062, 1),
(00013, '2020-05-04', '0000-00-00', '2020-05-07', 3, 1, 00074, 1),
(00014, '2020-05-05', '2020-05-05', '2020-05-12', 7, 2, 00075, 1),
(00015, '2020-05-05', '2020-05-19', '2020-05-08', 3, 2, 00076, 1),
(00016, '2020-05-19', '2020-05-19', '2020-05-21', 2, 2, 00081, 1),
(00017, '2020-05-19', '0000-00-00', '2020-05-21', 2, 1, 00084, 1),
(00018, '2020-05-19', '2020-05-30', '2020-05-21', 2, 2, 00086, 1),
(00019, '2020-05-30', '0000-00-00', '2020-06-02', 3, 1, 00093, 1),
(00020, '2020-05-30', '0000-00-00', '2020-06-02', 3, 1, 00094, 1),
(00021, '2020-05-31', '2020-05-31', '2020-06-04', 4, 2, 00096, 4);

-- --------------------------------------------------------

--
-- โครงสร้างตาราง `orderlist`
--

CREATE TABLE `orderlist` (
  `od_id` int(5) UNSIGNED ZEROFILL NOT NULL,
  `od_note` varchar(50) NOT NULL,
  `od_amount` int(3) NOT NULL,
  `od_price_unit` float(9,2) NOT NULL,
  `od_status` int(1) NOT NULL COMMENT 'สถานะเปลี่ยน',
  `order_id` int(5) UNSIGNED ZEROFILL NOT NULL,
  `product_id` int(5) NOT NULL
) ENGINE=InnoDB DEFAULT CHARSET=utf8;

--
-- dump ตาราง `orderlist`
--

INSERT INTO `orderlist` (`od_id`, `od_note`, `od_amount`, `od_price_unit`, `od_status`, `order_id`, `product_id`) VALUES
(00001, '', 2, 2880.00, 0, 00001, 1),
(00002, '', 2, 2500.00, 0, 00001, 4),
(00003, '', 1, 1500.00, 0, 00002, 10),
(00004, '', 2, 1374.00, 1, 00003, 19),
(00005, '', 1, 800.00, 1, 00004, 9),
(00006, '', 3, 2880.00, 0, 00005, 1),
(00007, '', 1, 800.00, 0, 00006, 9),
(00008, '', 2, 1374.00, 0, 00007, 19),
(00009, '', 1, 770.00, 0, 00008, 3),
(00010, '', 1, 2500.00, 0, 00008, 4),
(00011, '', 3, 770.00, 1, 00009, 3),
(00012, '', 2, 2500.00, 0, 00009, 4),
(00013, '', 2, 2880.00, 1, 00010, 1),
(00014, '', 2, 2500.00, 0, 00011, 4),
(00015, '', 2, 2880.00, 0, 00012, 1),
(00016, '', 2, 1500.00, 0, 00012, 10),
(00017, '', 1, 2880.00, 0, 00013, 1),
(00018, '', 1, 800.00, 0, 00013, 9),
(00019, '', 2, 2500.00, 0, 00014, 4),
(00020, '', 1, 2500.00, 0, 00015, 4),
(00021, '', 1, 770.00, 0, 00016, 3),
(00022, '', 1, 800.00, 0, 00016, 9),
(00023, '', 4, 1235.00, 0, 00017, 2),
(00024, '', 2, 2880.00, 0, 00018, 1),
(00025, '', 3, 2880.00, 0, 00019, 1),
(00026, '', 1, 2500.00, 0, 00020, 4),
(00027, '', 1, 1890.00, 0, 00020, 6),
(00028, '', 1, 2500.00, 0, 00021, 4),
(00029, '', 2, 800.00, 0, 00022, 9),
(00030, '', 2, 1890.00, 1, 00023, 6),
(00031, '', 1, 1890.00, 0, 00024, 6),
(00032, '', 1, 2500.00, 0, 00024, 4),
(00033, '', 1, 1500.00, 0, 00025, 10),
(00034, '', 1, 1374.00, 0, 00025, 19),
(00035, '', 2, 1235.00, 0, 00026, 2),
(00036, '', 7, 2880.00, 0, 00027, 1),
(00037, '', 2, 1235.00, 0, 00028, 2),
(00038, '', 15, 2500.00, 0, 00029, 4),
(00039, '', 10, 1235.00, 0, 00029, 2),
(00040, '', 10, 2880.00, 0, 00030, 1),
(00041, '', 1, 2880.00, 0, 00031, 1),
(00042, '', 2, 1235.00, 0, 00031, 2),
(00043, '', 2, 1374.00, 0, 00032, 19),
(00046, '', 2, 1500.00, 0, 00034, 10),
(00047, '', 2, 2500.00, 1, 00035, 4),
(00048, '', 14, 1235.00, 0, 00036, 2),
(00049, '', 2, 1235.00, 0, 00037, 2),
(00050, '', 2, 1500.00, 0, 00038, 10),
(00051, '', 2, 1374.00, 0, 00038, 19),
(00052, '', 2, 2500.00, 0, 00039, 4),
(00053, '', 2, 800.00, 0, 00040, 9),
(00054, '', 1, 2500.00, 1, 00040, 4),
(00055, '', 2, 2880.00, 0, 00041, 1),
(00057, '', 3, 800.00, 0, 00043, 9),
(00059, '', 2, 2880.00, 1, 00045, 1),
(00060, '', 2, 1235.00, 1, 00045, 2),
(00061, '', 2, 1500.00, 0, 00046, 10),
(00062, '', 2, 1374.00, 0, 00046, 19),
(00063, '', 2, 2880.00, 0, 00047, 1),
(00064, '', 2, 1235.00, 0, 00047, 2),
(00065, '', 2, 1235.00, 1, 00048, 2),
(00066, '', 1, 2500.00, 1, 00048, 4),
(00067, '', 2, 1235.00, 0, 00049, 2),
(00068, '', 2, 770.00, 0, 00049, 3),
(00069, '', 2, 1235.00, 0, 00050, 2),
(00070, '', 1, 770.00, 0, 00050, 3),
(00071, '', 2, 1890.00, 0, 00051, 6),
(00072, '', 2, 2880.00, 0, 00051, 1),
(00073, '', 2, 1890.00, 0, 00052, 6),
(00074, '', 1, 800.00, 0, 00053, 9),
(00075, '', 1, 770.00, 0, 00053, 3),
(00076, '', 2, 2880.00, 0, 00054, 1),
(00077, '', 1, 2500.00, 0, 00055, 4),
(00078, '', 2, 1500.00, 0, 00055, 10),
(00079, '', 1, 1235.00, 1, 00056, 2),
(00081, '', 1, 1235.00, 0, 00058, 2),
(00082, '', 1, 1374.00, 0, 00058, 19),
(00083, '', 2, 2880.00, 0, 00059, 1),
(00084, '', 2, 1235.00, 0, 00059, 2),
(00085, '', 2, 1235.00, 1, 00060, 2),
(00086, '', 1, 2880.00, 1, 00060, 1),
(00087, '', 2, 2880.00, 1, 00061, 1),
(00088, '', 2, 1235.00, 1, 00061, 2),
(00089, '', 2, 1235.00, 0, 00062, 2),
(00090, '', 2, 770.00, 0, 00062, 3),
(00091, '', 2, 2880.00, 0, 00063, 1),
(00092, '', 2, 1374.00, 0, 00063, 19),
(00093, '', 2, 770.00, 0, 00064, 3),
(00094, '', 2, 2880.00, 1, 00064, 1),
(00095, '', 2, 2880.00, 0, 00065, 1),
(00096, '', 3, 1235.00, 0, 00065, 2),
(00097, '', 2, 2500.00, 0, 00066, 4),
(00098, '', 2, 1890.00, 0, 00066, 6),
(00099, '', 1, 1235.00, 0, 00067, 2),
(00102, '', 4, 2880.00, 0, 00070, 1),
(00103, '', 2, 1235.00, 0, 00070, 2),
(00104, '', 1, 2880.00, 0, 00071, 1),
(00105, '', 1, 1235.00, 0, 00071, 2),
(00106, '', 2, 2880.00, 1, 00072, 1),
(00107, '', 2, 1235.00, 1, 00072, 2),
(00108, '', 2, 2500.00, 0, 00073, 4),
(00109, '', 2, 1890.00, 0, 00073, 6),
(00110, '', 2, 1235.00, 0, 00074, 2),
(00111, '', 2, 770.00, 0, 00074, 3),
(00112, '', 1, 770.00, 0, 00075, 3),
(00113, '', 1, 1374.00, 0, 00075, 19),
(00114, '', 2, 1235.00, 0, 00076, 2),
(00115, '', 1, 2880.00, 0, 00076, 1),
(00116, '', 3, 2880.00, 0, 00077, 1),
(00117, '', 1, 2880.00, 0, 00078, 1),
(00118, '', 2, 1235.00, 0, 00079, 2),
(00119, '', 1, 2880.00, 0, 00079, 1),
(00120, '', 1, 2880.00, 1, 00080, 1),
(00121, '', 1, 1235.00, 0, 00080, 2),
(00122, '', 2, 1235.00, 1, 00081, 2),
(00123, '', 1, 770.00, 1, 00081, 3),
(00124, '', 1, 770.00, 0, 00082, 3),
(00125, '', 1, 1235.00, 0, 00082, 2),
(00126, '', 1, 2880.00, 0, 00083, 1),
(00127, '', 1, 800.00, 0, 00083, 9),
(00128, '', 2, 770.00, 0, 00084, 3),
(00129, '', 1, 600.00, 0, 00085, 25),
(00130, '', 1, 2880.00, 0, 00086, 1),
(00131, '', 2, 1500.00, 1, 00087, 10),
(00132, '', 2, 2880.00, 0, 00088, 1),
(00133, '', 2, 1235.00, 0, 00088, 2),
(00134, '', 1, 2880.00, 1, 00089, 1),
(00135, '', 2, 1235.00, 0, 00089, 2),
(00136, '', 2, 2880.00, 1, 00090, 1),
(00137, '', 2, 2880.00, 0, 00091, 1),
(00138, '', 2, 2500.00, 0, 00092, 4),
(00139, '', 2, 770.00, 0, 00093, 3),
(00140, '', 2, 2500.00, 0, 00094, 4),
(00141, '', 2, 1500.00, 0, 00095, 10),
(00142, '', 2, 1500.00, 0, 00096, 10),
(00143, '', 2, 1374.00, 0, 00096, 19),
(00144, '', 2, 770.00, 1, 00097, 3),
(00145, '', 2, 1890.00, 0, 00097, 6);

-- --------------------------------------------------------

--
-- โครงสร้างตาราง `orders`
--

CREATE TABLE `orders` (
  `order_id` int(5) UNSIGNED ZEROFILL NOT NULL,
  `order_date` date NOT NULL COMMENT 'วันที่สั่งซื้อ',
  `order_delivery_date` date NOT NULL COMMENT 'วันที่จัดส่ง',
  `order_place` varchar(100) NOT NULL COMMENT 'สถานที่ส่ง',
  `order_total` float(9,2) NOT NULL COMMENT 'ราคารวม',
  `order_deadline_date` date NOT NULL COMMENT 'วันที่กําหนดส่ง',
  `order_deliverycost` float(9,2) NOT NULL COMMENT 'ค่าส่ง',
  `order_notification_date` date NOT NULL COMMENT 'วันที่แจ้ง',
  `order_evidence` varchar(100) NOT NULL COMMENT 'หลักฐานการชําระ',
  `order_deliverynumber` varchar(13) NOT NULL COMMENT 'หมายเลขจัดส่ง',
  `order_type` int(1) NOT NULL,
  `order_status` int(1) NOT NULL,
  `cus_id` int(5) NOT NULL
) ENGINE=InnoDB DEFAULT CHARSET=utf8;

--
-- dump ตาราง `orders`
--

INSERT INTO `orders` (`order_id`, `order_date`, `order_delivery_date`, `order_place`, `order_total`, `order_deadline_date`, `order_deliverycost`, `order_notification_date`, `order_evidence`, `order_deliverynumber`, `order_type`, `order_status`, `cus_id`) VALUES
(00001, '2020-02-12', '0000-00-00', '207/3 หมู่ 4 ต.ในคลองบางปรากด\r\nอ.พระสมุทร์เจดีย์\r\nจ.สมุทรปราการ', 10760.00, '2020-02-15', 100.00, '2020-02-13', 'image/evidence/รูป.jpg', '', 1, 1, 2),
(00002, '2020-02-12', '0000-00-00', '207/3 หมู่ 4 ต.ในคลองบางปรากด\r\nอ.พระสมุทร์เจดีย์\r\nจ.สมุทรปราการ', 1500.00, '2020-02-14', 50.00, '2020-02-12', 'image/evidence/รูป.jpg', '', 0, 2, 2),
(00003, '2020-02-12', '0000-00-00', '', 2748.00, '0000-00-00', 0.00, '0000-00-00', '', '', 2, 2, 31),
(00004, '2020-02-12', '0000-00-00', '', 800.00, '0000-00-00', 0.00, '0000-00-00', '', '', 2, 2, 25),
(00005, '2020-02-12', '2020-02-13', 'กรุงเทพ', 8640.00, '2020-02-15', 100.00, '2020-02-12', 'image/evidence/สลิป1.jpg', 'ER256322221TH', 1, 2, 13),
(00006, '2020-02-12', '0000-00-00', 'กรุงเทพ', 800.00, '2020-02-18', 50.00, '0000-00-00', '', '', 0, 4, 13),
(00007, '2020-02-13', '0000-00-00', '', 2748.00, '0000-00-00', 0.00, '0000-00-00', '', '', 2, 4, 17),
(00008, '2020-02-13', '0000-00-00', '207/3 หมู่ 4 ต.ในคลองบางปรากด\r\nอ.พระสมุทร์เจดีย์\r\nจ.สมุทรปราการ', 3270.00, '2020-02-16', 100.00, '0000-00-00', '', '', 1, 4, 2),
(00009, '2020-02-14', '2020-02-14', '788/3 หมู่ 4', 7310.00, '2020-02-17', 50.00, '2020-02-14', 'image/evidence/รูป.jpg', 'ER256327521TH', 0, 2, 10),
(00010, '2020-02-14', '0000-00-00', '', 5760.00, '0000-00-00', 0.00, '0000-00-00', '', '', 2, 2, 34),
(00011, '2020-02-14', '0000-00-00', '', 5000.00, '0000-00-00', 0.00, '0000-00-00', '', '', 2, 2, 14),
(00012, '2020-02-14', '2020-02-15', '207/3 หมู่ 4 ต.ในคลองบางปรากด\r\nอ.พระสมุทร์เจดีย์\r\nจ.สมุทรปราการ', 8760.00, '2020-02-15', 50.00, '2020-02-14', 'image/evidence/รูป.jpg', 'ER879322221TH', 0, 2, 2),
(00013, '2020-02-15', '0000-00-00', '', 3680.00, '0000-00-00', 0.00, '0000-00-00', '', '', 2, 3, 11),
(00014, '2020-02-16', '2020-02-16', 'กรุงเทพ', 5000.00, '2020-02-18', 100.00, '2020-02-16', 'image/evidence/รูป.jpg', 'ER259722221TH', 1, 2, 25),
(00015, '2020-02-16', '0000-00-00', '', 2500.00, '0000-00-00', 0.00, '0000-00-00', '', '', 2, 2, 31),
(00016, '2020-02-16', '0000-00-00', '', 1570.00, '0000-00-00', 0.00, '0000-00-00', '', '', 2, 2, 34),
(00017, '2020-02-16', '2020-02-17', 'กรุงเทพ', 4940.00, '2020-02-19', 100.00, '2020-02-16', 'image/evidence/010040172403821425.jpeg', 'ER256354221TH', 1, 2, 13),
(00018, '2020-02-18', '0000-00-00', '', 5760.00, '0000-00-00', 0.00, '0000-00-00', '', '', 2, 2, 29),
(00019, '2020-02-19', '0000-00-00', 'กรุงเทพ', 8640.00, '2020-02-21', 50.00, '2020-02-19', 'image/evidence/010040115950987115.jpeg', '', 0, 2, 35),
(00020, '2020-02-19', '0000-00-00', '', 4390.00, '0000-00-00', 0.00, '0000-00-00', '', '', 2, 3, 17),
(00021, '2020-02-20', '0000-00-00', 'กรุงเทพ', 2500.00, '2020-02-21', 100.00, '0000-00-00', '', '', 1, 4, 13),
(00022, '2020-02-21', '0000-00-00', '', 1600.00, '0000-00-00', 0.00, '0000-00-00', '', '', 2, 2, 35),
(00023, '2020-02-24', '0000-00-00', '', 3780.00, '0000-00-00', 0.00, '0000-00-00', '', '', 2, 2, 31),
(00024, '2020-02-29', '0000-00-00', 'กรุงเทพ', 4390.00, '2020-03-03', 50.00, '0000-00-00', '', '', 0, 0, 25),
(00025, '2020-02-29', '0000-00-00', 'กรุงเทพ', 2874.00, '2020-03-03', 100.00, '0000-00-00', '', '', 1, 4, 25),
(00026, '2020-03-01', '0000-00-00', '', 2470.00, '2020-03-27', 0.00, '0000-00-00', '', '', 2, 3, 35),
(00027, '2020-03-01', '0000-00-00', '207/3 หมู่ 4 ต.ในคลองบางปรากด\r\nอ.พระสมุทร์เจดีย์\r\nจ.สมุทรปราการ', 20160.00, '2020-03-17', 100.00, '0000-00-00', '', '', 1, 0, 2),
(00028, '2020-03-02', '0000-00-00', '207/3 หมู่ 4 ต.ในคลองบางปรากด\r\nอ.พระสมุทร์เจดีย์\r\nจ.สมุทรปราการ', 2470.00, '2020-03-04', 50.00, '2020-03-02', 'image/evidence/รูป.jpg', '', 0, 2, 2),
(00029, '2020-03-03', '0000-00-00', '207/3 หมู่ 4 ต.ในคลองบางปรากด\r\nอ.พระสมุทร์เจดีย์\r\nจ.สมุทรปราการ', 49850.00, '2020-03-03', 50.00, '0000-00-00', '', '', 0, 4, 2),
(00030, '2020-03-03', '0000-00-00', '207/3 หมู่ 4 ต.ในคลองบางปรากด\r\nอ.พระสมุทร์เจดีย์\r\nจ.สมุทรปราการ', 28800.00, '2020-03-03', 50.00, '0000-00-00', '', '', 0, 0, 2),
(00031, '2020-03-03', '0000-00-00', '207/3 หมู่ 4 ต.ในคลองบางปรากด\r\nอ.พระสมุทร์เจดีย์\r\nจ.สมุทรปราการ', 5350.00, '2020-03-31', 50.00, '2020-03-04', 'image/evidence/รูป.jpg', '', 0, 1, 2),
(00032, '2020-03-08', '2020-03-08', '', 2748.00, '0000-00-00', 0.00, '0000-00-00', '', '', 2, 2, 36),
(00034, '2020-03-16', '2020-03-18', 'กรุงเทพ', 3000.00, '2020-03-18', 50.00, '2020-03-16', 'image/evidence/สลิป1.jpg', 'ER256652721TH', 0, 2, 13),
(00035, '2020-03-17', '2020-03-17', '', 5000.00, '0000-00-00', 0.00, '0000-00-00', '', '', 2, 2, 14),
(00036, '2020-03-18', '0000-00-00', 'กรุงเทพ', 17290.00, '2020-03-24', 100.00, '2020-03-18', 'image/evidence/สลิป1.jpg', '', 1, 4, 13),
(00037, '2020-03-19', '0000-00-00', '207/3 หมู่ 4 ต.ในคลองบางปรากด\r\nอ.พระสมุทร์เจดีย์\r\nจ.สมุทรปราการ', 2470.00, '2020-03-20', 50.00, '0000-00-00', '', '', 0, 4, 2),
(00038, '2020-03-20', '2020-03-20', '', 5748.00, '0000-00-00', 0.00, '0000-00-00', '', '', 2, 2, 28),
(00039, '2020-03-20', '2020-03-20', '', 5000.00, '0000-00-00', 0.00, '0000-00-00', '', '', 2, 3, 14),
(00040, '2020-03-21', '2020-03-23', '788/3', 4100.00, '2020-03-23', 50.00, '2020-03-21', 'image/evidence/รูป.jpg', 'ER255824521TH', 0, 2, 10),
(00041, '2020-03-22', '2020-03-22', '', 5760.00, '2020-03-23', 100.00, '0000-00-00', '', 'ER256311221TH', 1, 2, 36),
(00043, '2020-03-22', '2020-03-22', '', 2400.00, '2020-03-25', 100.00, '0000-00-00', '', 'ER256356511TH', 1, 2, 9),
(00045, '2020-03-24', '2020-03-24', '', 8230.00, '0000-00-00', 0.00, '0000-00-00', '', '', 2, 2, 35),
(00046, '2020-03-24', '2020-03-24', '', 5748.00, '0000-00-00', 0.00, '0000-00-00', '', '', 2, 3, 31),
(00047, '2020-03-28', '2020-03-29', '788/3', 8230.00, '2020-03-29', 50.00, '2020-03-28', 'image/evidence/รูป.jpg', 'ER256376511TH', 0, 2, 10),
(00048, '2020-04-05', '2020-04-06', 'กรุงเทพ', 4970.00, '2020-04-06', 100.00, '2020-04-05', 'image/evidence/รูป.jpg', 'ER285266477TH', 1, 2, 25),
(00049, '2020-04-07', '2020-04-07', '', 4010.00, '0000-00-00', 0.00, '0000-00-00', '', '', 2, 2, 36),
(00050, '2020-04-08', '2020-04-08', 'กรุงเทพ', 3240.00, '2020-04-08', 100.00, '2020-04-08', 'image/evidence/สลิป2.jpeg', 'ER256587521TH', 1, 2, 13),
(00051, '2020-04-08', '0000-00-00', '76/3', 9540.00, '2020-04-09', 50.00, '2020-04-08', 'image/evidence/รูป.jpg', '', 0, 4, 14),
(00052, '2020-04-09', '2020-04-10', '', 3780.00, '2020-04-10', 50.00, '0000-00-00', '', 'ER259776221TH', 0, 2, 31),
(00053, '2020-04-09', '2020-04-10', 'กรุงเทพ', 1570.00, '2020-04-10', 50.00, '2020-04-09', 'image/evidence/สลิป1.jpg', 'ER756321981TH', 0, 2, 35),
(00054, '2020-04-09', '0000-00-00', '788/3', 5760.00, '2020-04-11', 100.00, '0000-00-00', '', '', 1, 0, 10),
(00055, '2020-04-11', '2020-04-11', '', 5500.00, '0000-00-00', 0.00, '0000-00-00', '', '', 2, 3, 17),
(00056, '2020-04-11', '2020-04-13', 'กรุงเทพ', 1235.00, '2020-04-13', 50.00, '2020-04-11', 'image/evidence/สลิป1.jpg', 'ER256544421TH', 0, 2, 35),
(00058, '2020-04-13', '0000-00-00', 'กรุงเทพ', 2609.00, '2020-04-14', 50.00, '2020-04-13', 'image/evidence/สลิป1.jpg', '', 0, 4, 13),
(00059, '2020-04-14', '0000-00-00', '207/3 หมู่ 4 ต.ในคลองบางปรากด\r\nอ.พระสมุทร์เจดีย์\r\nจ.สมุทรปราการ', 8230.00, '2020-04-22', 100.00, '2020-04-14', 'image/evidence/รูป.jpg', '', 1, 1, 2),
(00060, '2020-04-15', '2020-04-18', 'กรุงเทพ', 5350.00, '2020-04-18', 100.00, '2020-04-15', 'image/evidence/รูป.jpg', 'ER879335481TH', 1, 2, 35),
(00061, '2020-04-20', '2020-04-21', '', 8230.00, '2020-04-21', 100.00, '0000-00-00', '', 'ER259983211TH', 1, 2, 24),
(00062, '2020-04-23', '2020-04-23', '', 4010.00, '0000-00-00', 0.00, '0000-00-00', '', '', 2, 3, 36),
(00063, '2020-04-24', '2020-05-19', 'กรุงเทพ', 8508.00, '2020-04-25', 100.00, '2020-04-24', 'image/evidence/รูป.jpg', 'ER254545454TH', 1, 2, 25),
(00064, '2020-04-26', '2020-04-26', '', 7300.00, '2020-04-26', 100.00, '0000-00-00', '', 'ER256587521TH', 1, 2, 11),
(00065, '2020-04-26', '2020-04-26', '', 9465.00, '0000-00-00', 0.00, '0000-00-00', '', '', 2, 2, 14),
(00066, '2020-05-01', '0000-00-00', '788/3', 8780.00, '2020-05-01', 50.00, '2020-05-01', 'image/evidence/รูป.jpg', '', 0, 2, 10),
(00067, '2020-05-01', '0000-00-00', '788/3', 1235.00, '2020-05-01', 50.00, '0000-00-00', '', '', 0, 4, 10),
(00070, '2020-05-01', '2020-05-01', '', 13990.00, '0000-00-00', 0.00, '0000-00-00', '', '', 2, 2, 35),
(00071, '2020-05-01', '0000-00-00', 'กรุงเทพ', 4115.00, '2020-05-01', 100.00, '0000-00-00', '', '', 1, 4, 13),
(00072, '2020-05-04', '2020-05-04', 'กรุงเทพ', 8230.00, '2020-05-04', 100.00, '2020-05-04', 'image/evidence/รูป.jpg', 'ER254322221TH', 1, 2, 25),
(00073, '2020-05-04', '2020-05-04', '', 8780.00, '2020-05-04', 50.00, '0000-00-00', '', 'WR845622221TH', 0, 2, 2),
(00074, '2020-05-04', '2020-05-04', '', 4010.00, '0000-00-00', 0.00, '0000-00-00', '', '', 2, 4, 2),
(00075, '2020-05-05', '2020-05-05', '', 2144.00, '0000-00-00', 0.00, '0000-00-00', '', '', 2, 2, 35),
(00076, '2020-05-05', '2020-05-05', '', 5350.00, '0000-00-00', 0.00, '0000-00-00', '', '', 2, 2, 14),
(00077, '2020-05-09', '0000-00-00', 'กรุงเทพ', 8640.00, '2020-05-10', 50.00, '2020-05-09', 'image/evidence/สลิป2.jpeg', '', 0, 1, 13),
(00078, '2020-05-10', '0000-00-00', '', 2880.00, '2020-05-10', 50.00, '0000-00-00', '', '', 0, 2, 36),
(00079, '2020-05-10', '0000-00-00', '', 5350.00, '2020-05-20', 50.00, '0000-00-00', '', '', 0, 2, 31),
(00080, '2020-05-10', '2020-05-10', '', 4115.00, '2020-05-10', 50.00, '0000-00-00', '', '1111111111111', 0, 2, 36),
(00081, '2020-05-19', '2020-05-19', '', 3240.00, '0000-00-00', 0.00, '0000-00-00', '', '', 2, 2, 37),
(00082, '2020-05-19', '0000-00-00', 'กรุงเทพ', 2005.00, '2020-05-20', 100.00, '0000-00-00', '', '', 1, 4, 35),
(00083, '2020-05-19', '0000-00-00', 'กรุงเทพ', 3680.00, '2020-05-19', 100.00, '2020-05-19', 'image/evidence/สลิป1.jpg', '', 1, 2, 35),
(00084, '2020-05-19', '2020-05-19', '', 1540.00, '0000-00-00', 0.00, '0000-00-00', '', '', 2, 4, 25),
(00085, '2020-05-19', '0000-00-00', '', 600.00, '2020-05-20', 100.00, '0000-00-00', '', '', 1, 2, 25),
(00086, '2020-05-19', '2020-05-19', '', 2880.00, '0000-00-00', 0.00, '0000-00-00', '', '', 2, 2, 36),
(00087, '2020-05-19', '2020-05-19', '', 3000.00, '0000-00-00', 0.00, '0000-00-00', '', '', 2, 2, 31),
(00088, '2020-05-20', '0000-00-00', '', 8230.00, '2020-05-21', 50.00, '0000-00-00', '', '', 0, 2, 39),
(00089, '2020-05-20', '2020-05-20', '', 5350.00, '2020-05-20', 50.00, '0000-00-00', '', '1111111111111', 0, 2, 37),
(00090, '2020-05-30', '2020-05-30', '99 หมู่ 8', 5760.00, '2020-05-30', 50.00, '2020-05-30', 'image/evidence/รูป.jpg', 'ZA542154222TH', 0, 2, 45),
(00091, '2020-05-30', '0000-00-00', '99 หมู่ 8', 5760.00, '2020-05-30', 100.00, '0000-00-00', '', '', 1, 0, 45),
(00092, '2020-05-30', '0000-00-00', '', 5000.00, '2020-05-30', 100.00, '0000-00-00', '', '', 1, 2, 39),
(00093, '2020-05-30', '2020-05-30', '', 1540.00, '0000-00-00', 0.00, '0000-00-00', '', '', 2, 4, 37),
(00094, '2020-05-30', '2020-05-30', '', 5000.00, '0000-00-00', 0.00, '0000-00-00', '', '', 2, 4, 37),
(00095, '2020-05-31', '0000-00-00', '', 3000.00, '2020-05-31', 100.00, '0000-00-00', '', '', 1, 2, 39),
(00096, '2020-05-31', '2020-05-31', '', 5748.00, '0000-00-00', 0.00, '0000-00-00', '', '', 2, 2, 45),
(00097, '2020-05-31', '2020-05-31', '207/3 หมู่ 4 ต.ในคลองบางปรากด\r\nอ.พระสมุทร์เจดีย์\r\nจ.สมุทรปราการ', 5320.00, '2020-05-31', 50.00, '2020-05-31', 'image/evidence/รูป.jpg', 'ZA565214563TH', 0, 2, 2);

-- --------------------------------------------------------

--
-- โครงสร้างตาราง `product`
--

CREATE TABLE `product` (
  `product_id` int(5) NOT NULL,
  `product_name` varchar(50) NOT NULL,
  `product_amount` int(3) NOT NULL,
  `product_unit` varchar(15) NOT NULL,
  `product_price_unit` float(9,2) NOT NULL,
  `product_description` varchar(100) NOT NULL,
  `product_picture` varchar(50) NOT NULL,
  `product_status` int(1) NOT NULL,
  `category_id` int(5) NOT NULL
) ENGINE=InnoDB DEFAULT CHARSET=utf8;

--
-- dump ตาราง `product`
--

INSERT INTO `product` (`product_id`, `product_name`, `product_amount`, `product_unit`, `product_price_unit`, `product_description`, `product_picture`, `product_status`, `category_id`) VALUES
(1, 'คาสตรอล เอจ 5W-40', 3, 'แกลลอน', 2880.00, 'คาสตรอล เอจ ที่มีเทคโนโลยี ฟลูอิด ไทเทเนียม ฟิล์มน้ำมันแข็งแกร่ง ', 'image/product1.png', 0, 2),
(2, 'คาสตรอล แม็กนาเทค สต๊อป-สตาร์ท SAE OW-20', 8, 'แกลลอน', 1235.00, 'แม็กนาเทค สต็อป-สตาร์ท ใหม่ ที่มีโมเลกุลอัจฉริยะ ', 'image/product2.jpg', 0, 2),
(3, 'คาสตรอล จีทีเอ็กซ์ ปิคอัพ SAE 20W-50', 16, 'แกลลอน', 770.00, 'คาสตรอล จีทีเอ็กซ์ เป็นน้ำมันเครื่องที่พัฒนาขึ้นจากน้ำมันแร่พื้นฐานคุณภาพสูง ', 'image/product3.jpg', 0, 2),
(4, 'turbo diesel 5w-40', 16, 'แกลลอน', 2500.00, 'น้ำมันเครื่องสังเคราะห์แท้ 100% ขั้นสูง โมบิล 1 FS X2 5W-50 เป็นสูตรผสมที่ผ่านการ', 'image/product10.jpg', 0, 1),
(5, 'ESP Newer Vehicle Formula 5W-30', 5, 'แกลลอน', 1680.00, 'เป็นน้ำมันเครื่องยนต์สังเคราะห์แท้ 100% ขั้นสูงที่ออกแบบมาสำหรับการรักษาการทำงานของเครื่องยนต์', 'image/prod.png', 1, 1),
(6, 'Super Turbospeed 2000 10w-30', 16, 'แกลลอน', 1890.00, 'โมบิลซูเปอร์ 2000 เทอร์โบสปีด 10W-30 เป็นน้ำมันเครื่องกึ่งสังเคราะห์เกรดพรีเมี่ยม', 'image/product6.jpg', 0, 1),
(9, 'delvac 1640 sae 40', 19, 'แกลลอน', 800.00, 'โมบิล เดลแวค 1640 เป็นน้ำมันเครื่องดีเซลที่มีสมรรถนะการทำงานสูงเป็นพิเศษ', 'image/product7.jpg', 0, 1),
(10, 'Super Turbospeed 1000 15W-40 ', 14, 'แกลลอน', 1500.00, 'โมบิลซูเปอร์ 1000 เทอร์โบสปีด 15W-40 เป็นน้ำมันเครื่องที่ทำจากน้ำมันแร่เกรดพรีเมี่ยม', 'image/product9.jpg', 0, 1),
(19, 'คาสตรอล แม็กนาเทค SAE 10W-30', 19, 'แกลลอน', 1374.00, 'คาสตรอล แม็กนาเทค ที่มีโมเลกุลอัจฉริยะ ดูอัลล็อค เทคโนโลยีนวัตกรรมล่าสุด ', 'image/product5.jpg', 0, 2),
(20, 'PTT- 10 ml.', 100, 'ขวด', 2000.00, 'กเสาพกทิาท้ะ', 'image/relation.jpg', 1, 6),
(25, '15-15w-40', 5, 'แกลลอน', 800.00, 'สูตรดับเบิ้ลแอ็คชั่นของคาสตรอล จีทีเอ็กซ์ ทำหน้าที่ชะล้างคราบยางเหนียวและเขม่าเก่า', 'image/15W-40.gif.png', 0, 2);

-- --------------------------------------------------------

--
-- โครงสร้างตาราง `receipt`
--

CREATE TABLE `receipt` (
  `receipt_id` int(5) UNSIGNED ZEROFILL NOT NULL,
  `receipt_date` date NOT NULL COMMENT 'วันที่ออกใบเสร็จ',
  `receipt_tye` int(1) NOT NULL COMMENT 'ประเภทของการชําระ',
  `receipt_total` float(9,2) NOT NULL,
  `receipt_payment_details` varchar(50) NOT NULL,
  `order_id` int(5) UNSIGNED ZEROFILL NOT NULL,
  `invoice_id` int(5) UNSIGNED ZEROFILL DEFAULT NULL,
  `emp_id` int(5) DEFAULT NULL
) ENGINE=InnoDB DEFAULT CHARSET=utf8;

--
-- dump ตาราง `receipt`
--

INSERT INTO `receipt` (`receipt_id`, `receipt_date`, `receipt_tye`, `receipt_total`, `receipt_payment_details`, `order_id`, `invoice_id`, `emp_id`) VALUES
(00001, '2020-02-12', 0, 0.00, ' ชําระแล้ว ', 00003, NULL, 1),
(00002, '2020-02-12', 1, 0.00, 'โอนจากธนาคารกสิกรไทย', 00005, NULL, 1),
(00003, '2020-02-13', 3, 0.00, 'ธนาคารกสิกรไทย', 00004, 00001, 1),
(00004, '2020-02-13', 1, 0.00, 'โอนจากธนาคารกสิกรไทย', 00002, NULL, 1),
(00005, '2020-02-14', 2, 0.00, ' ธนาคารกรุุงไทย ', 00011, NULL, 2),
(00006, '2020-02-14', 1, 0.00, 'โอนจากธนาคารกสิกรไทย', 00009, NULL, 1),
(00007, '2020-02-15', 1, 0.00, 'โอนจากธนาคารกสิกรไทย', 00012, NULL, 1),
(00008, '2020-02-15', 2, 0.00, 'ธนาคารกรุงไทย', 00010, 00003, 1),
(00009, '2020-02-16', 1, 0.00, 'โอนจากธนาคารกสิกรไทย', 00014, NULL, 1),
(00010, '2020-02-16', 0, 0.00, ' ชําระแล้ว ', 00015, NULL, 1),
(00011, '2020-02-16', 0, 0.00, ' ชําระแล้ว ', 00016, NULL, 1),
(00012, '2020-02-16', 1, 0.00, 'โอนจากธนาคารกสิไทย', 00017, NULL, 1),
(00013, '2020-02-18', 0, 0.00, 'ชําระแล้ว', 00018, 00005, 1),
(00014, '2020-02-20', 1, 0.00, 'โอนจากธนาคารกสิกรไทย', 00019, NULL, 1),
(00015, '2020-02-21', 2, 0.00, ' ธนาคารกรุุงไทย ', 00022, NULL, 1),
(00016, '2020-02-24', 0, 0.00, ' ชําระแล้ว ', 00023, NULL, 1),
(00017, '2020-03-04', 1, 0.00, 'โอนจากธนาคารกสิกรไทย', 00028, NULL, 1),
(00018, '2020-03-08', 2, 0.00, ' ธนาคารกรุุงไทย ', 00032, NULL, 1),
(00020, '2020-03-16', 1, 0.00, 'โอนจากธนาคารกสิกรไทย', 00034, NULL, 1),
(00021, '2020-03-17', 0, 0.00, ' ชําระแล้ว ', 00035, NULL, 1),
(00022, '2020-03-20', 0, 0.00, ' ชําระแล้ว ', 00038, NULL, 1),
(00023, '2020-03-21', 1, 0.00, 'โอนจากธนาคารกสิกรไทย', 00040, NULL, 1),
(00024, '2020-03-22', 0, 0.00, '  ชำระแล้ว ', 00041, NULL, 4),
(00026, '2020-03-22', 0, 0.00, ' ชำระแล้ว ', 00043, NULL, 21),
(00028, '2020-03-24', 0, 0.00, ' ชําระแล้ว ', 00045, NULL, 1),
(00029, '2020-03-28', 1, 0.00, 'โอนจากธนาคารกสิกรไทย', 00047, NULL, 1),
(00030, '2020-04-05', 1, 0.00, 'โอนจากธนาคารกสิกรไทย', 00048, NULL, 2),
(00031, '2020-04-07', 0, 0.00, ' ชําระแล้ว ', 00049, NULL, 1),
(00032, '2020-04-08', 1, 0.00, 'โอนจากธนาคารกสิกรไทย', 00050, NULL, 1),
(00033, '2020-04-10', 1, 0.00, 'โอนจากธนาคารกสิกรไทย', 00053, NULL, 1),
(00034, '2020-04-10', 3, 0.00, 'ธนาคารกสิกรไทย', 00052, 00010, 1),
(00035, '2020-04-13', 1, 0.00, 'โอนจากธนาคารกสิกรไทย', 00056, NULL, 1),
(00036, '2020-04-18', 1, 0.00, 'โอนจากธนาคารกสิกรไทย', 00060, NULL, 1),
(00037, '2020-04-20', 2, 0.00, ' ธนาคารกรุุงไทย ', 00061, NULL, 1),
(00038, '2020-04-25', 1, 0.00, 'โอนจากธนาคารกสิกรไทย', 00063, NULL, 1),
(00039, '2020-04-26', 0, 0.00, ' ชําระแล้ว', 00064, NULL, 1),
(00040, '2020-04-26', 0, 0.00, ' ชําระแล้ว ', 00065, NULL, 1),
(00041, '2020-05-01', 1, 0.00, 'โอนจากธนาคารกสิกรไทย', 00066, NULL, 1),
(00042, '2020-05-01', 0, 0.00, ' ชําระแล้ว ', 00070, NULL, 1),
(00043, '2020-05-04', 0, 0.00, ' ชําระแล้ว ', 00073, NULL, 1),
(00044, '2020-05-04', 1, 0.00, 'โอนจากธนาคารกสิกรไทย', 00072, NULL, 1),
(00045, '2020-05-05', 0, 0.00, 'ชําระแล้ว', 00075, 00014, 1),
(00046, '2020-05-10', 1, 0.00, ' โอนจากธนาคารกสิกรไทย', 00078, NULL, 1),
(00047, '2020-05-10', 1, 0.00, 'โอนจากธนาคารกสิกรไทย', 00079, NULL, 1),
(00048, '2020-05-10', 1, 0.00, 'โอนจากธนาคารกสิกรไทย', 00080, NULL, 1),
(00049, '2020-05-19', 2, 0.00, 'ธนาคารกสิกรไทย', 00076, 00015, 1),
(00050, '2020-05-19', 1, 0.00, 'โอนจากธนาคารกสิกรไทย', 00083, NULL, 1),
(00051, '2020-05-19', 0, 0.00, 'ชําระแล้ว', 00081, 00016, 1),
(00052, '2020-05-19', 1, 0.00, ' - ', 00085, NULL, 1),
(00053, '2020-05-19', 0, 0.00, ' ชําระแล่ว ', 00087, NULL, 1),
(00054, '2020-05-20', 0, 0.00, ' 42 ', 00088, NULL, 1),
(00055, '2020-05-20', 0, 0.00, ' 42 ', 00089, NULL, 1),
(00056, '2020-05-30', 0, 0.00, ' ชําระแล้ว ', 00092, NULL, 1),
(00057, '2020-05-30', 1, 0.00, 'โอนจากธนาคารกสิกรไทย', 00090, NULL, 1),
(00058, '2020-05-30', 0, 0.00, 'ชําระแล้ว', 00086, 00018, 1),
(00059, '2020-05-31', 0, 0.00, ' ชําระแล้ว ', 00095, NULL, 4),
(00060, '2020-05-31', 0, 0.00, 'ชําระแล้ว', 00096, 00021, 4),
(00061, '2020-05-31', 1, 0.00, 'โอนจากธนาคารกสืกรไทย', 00097, NULL, 4);

--
-- Indexes for dumped tables
--

--
-- Indexes for table `amount_change`
--
ALTER TABLE `amount_change`
  ADD PRIMARY KEY (`change_id`),
  ADD KEY `od_id` (`od_id`);

--
-- Indexes for table `category`
--
ALTER TABLE `category`
  ADD PRIMARY KEY (`category_id`);

--
-- Indexes for table `customers`
--
ALTER TABLE `customers`
  ADD PRIMARY KEY (`cus_id`);

--
-- Indexes for table `employee`
--
ALTER TABLE `employee`
  ADD PRIMARY KEY (`emp_id`);

--
-- Indexes for table `invoice`
--
ALTER TABLE `invoice`
  ADD PRIMARY KEY (`invoice_id`),
  ADD KEY `order_id` (`order_id`),
  ADD KEY `emp_id` (`emp_id`);

--
-- Indexes for table `orderlist`
--
ALTER TABLE `orderlist`
  ADD PRIMARY KEY (`od_id`),
  ADD KEY `cus_id` (`product_id`),
  ADD KEY `order_id` (`order_id`);

--
-- Indexes for table `orders`
--
ALTER TABLE `orders`
  ADD PRIMARY KEY (`order_id`),
  ADD KEY `cus_id` (`cus_id`);

--
-- Indexes for table `product`
--
ALTER TABLE `product`
  ADD PRIMARY KEY (`product_id`),
  ADD KEY `type_id` (`category_id`);

--
-- Indexes for table `receipt`
--
ALTER TABLE `receipt`
  ADD PRIMARY KEY (`receipt_id`),
  ADD KEY `invoice_id` (`invoice_id`),
  ADD KEY `emp_id` (`emp_id`),
  ADD KEY `order_id` (`order_id`);

--
-- AUTO_INCREMENT for dumped tables
--

--
-- AUTO_INCREMENT for table `amount_change`
--
ALTER TABLE `amount_change`
  MODIFY `change_id` int(5) UNSIGNED ZEROFILL NOT NULL AUTO_INCREMENT, AUTO_INCREMENT=31;

--
-- AUTO_INCREMENT for table `category`
--
ALTER TABLE `category`
  MODIFY `category_id` int(5) NOT NULL AUTO_INCREMENT, AUTO_INCREMENT=12;

--
-- AUTO_INCREMENT for table `customers`
--
ALTER TABLE `customers`
  MODIFY `cus_id` int(5) NOT NULL AUTO_INCREMENT, AUTO_INCREMENT=47;

--
-- AUTO_INCREMENT for table `employee`
--
ALTER TABLE `employee`
  MODIFY `emp_id` int(5) NOT NULL AUTO_INCREMENT, AUTO_INCREMENT=30;

--
-- AUTO_INCREMENT for table `invoice`
--
ALTER TABLE `invoice`
  MODIFY `invoice_id` int(5) UNSIGNED ZEROFILL NOT NULL AUTO_INCREMENT, AUTO_INCREMENT=22;

--
-- AUTO_INCREMENT for table `orderlist`
--
ALTER TABLE `orderlist`
  MODIFY `od_id` int(5) UNSIGNED ZEROFILL NOT NULL AUTO_INCREMENT, AUTO_INCREMENT=146;

--
-- AUTO_INCREMENT for table `orders`
--
ALTER TABLE `orders`
  MODIFY `order_id` int(5) UNSIGNED ZEROFILL NOT NULL AUTO_INCREMENT, AUTO_INCREMENT=98;

--
-- AUTO_INCREMENT for table `product`
--
ALTER TABLE `product`
  MODIFY `product_id` int(5) NOT NULL AUTO_INCREMENT, AUTO_INCREMENT=30;

--
-- AUTO_INCREMENT for table `receipt`
--
ALTER TABLE `receipt`
  MODIFY `receipt_id` int(5) UNSIGNED ZEROFILL NOT NULL AUTO_INCREMENT, AUTO_INCREMENT=62;

--
-- Constraints for dumped tables
--

--
-- Constraints for table `amount_change`
--
ALTER TABLE `amount_change`
  ADD CONSTRAINT `amount_change_ibfk_1` FOREIGN KEY (`od_id`) REFERENCES `orderlist` (`od_id`);

--
-- Constraints for table `invoice`
--
ALTER TABLE `invoice`
  ADD CONSTRAINT `invoice_ibfk_2` FOREIGN KEY (`order_id`) REFERENCES `orders` (`order_id`),
  ADD CONSTRAINT `invoice_ibfk_3` FOREIGN KEY (`emp_id`) REFERENCES `employee` (`emp_id`);

--
-- Constraints for table `orderlist`
--
ALTER TABLE `orderlist`
  ADD CONSTRAINT `orderlist_ibfk_2` FOREIGN KEY (`product_id`) REFERENCES `product` (`product_id`),
  ADD CONSTRAINT `orderlist_ibfk_3` FOREIGN KEY (`order_id`) REFERENCES `orders` (`order_id`) ON DELETE CASCADE ON UPDATE CASCADE;

--
-- Constraints for table `orders`
--
ALTER TABLE `orders`
  ADD CONSTRAINT `orders_ibfk_1` FOREIGN KEY (`cus_id`) REFERENCES `customers` (`cus_id`);

--
-- Constraints for table `product`
--
ALTER TABLE `product`
  ADD CONSTRAINT `product_ibfk_2` FOREIGN KEY (`category_id`) REFERENCES `category` (`category_id`);

--
-- Constraints for table `receipt`
--
ALTER TABLE `receipt`
  ADD CONSTRAINT `receipt_ibfk_1` FOREIGN KEY (`order_id`) REFERENCES `orders` (`order_id`),
  ADD CONSTRAINT `receipt_ibfk_2` FOREIGN KEY (`invoice_id`) REFERENCES `invoice` (`invoice_id`),
  ADD CONSTRAINT `receipt_ibfk_3` FOREIGN KEY (`emp_id`) REFERENCES `employee` (`emp_id`);
COMMIT;

/*!40101 SET CHARACTER_SET_CLIENT=@OLD_CHARACTER_SET_CLIENT */;
/*!40101 SET CHARACTER_SET_RESULTS=@OLD_CHARACTER_SET_RESULTS */;
/*!40101 SET COLLATION_CONNECTION=@OLD_COLLATION_CONNECTION */;
